m,sd,index
366.6,26.293482,2
378.98,30.551727,2
379.4,26.225874,2
380.42,31.31218,2
386.06,31.249762,2
378.5,34.728237,2
389.04,34.813774,2
373.92,33.836853,2
375.2,34.007797,2
379.86,34.096508,2
